{
    "name": "guard_stone",
    "category": 0,
    "comfortGroup": 0,
    "comfort": 0,
    "groundPiece": false,
    "allowAltGroundPlacement": false,
    "groundOnly": false,
    "cultivatedGroundOnly": false,
    "waterPiece": false,
    "clipGround": true,
    "clipEverything": true,
    "noInWater": false,
    "notOnWood": false,
    "notOnTiltingSurface": true,
    "inCeilingOnly": false,
    "notOnFloor": false,
    "noClipping": true,
    "onlyInTeleportArea": false,
    "allowedInDungeons": false,
    "spaceRequirement": 0.0,
    "repairPiece": false,
    "canBeRemoved": true,
    "station": "",
    "onlyInBiome": 0,
    "health": 1000000.0,
    "noRoofWear": false,
    "noSupportWear": false,
    "materialType": 1,
    "supports": false,
    "comOffset": {
        "x": 0.0,
        "y": 0.0,
        "z": 0.0
    },
    "hitNoise": 0.0,
    "destroyNoise": 0.0,
    "autoCreateFragments": true,
    "damageModifiers": [
        "Blunt:Normal",
        "Slash:Normal",
        "Pierce:Resistant",
        "Chop:Ignore",
        "Pickaxe:Ignore",
        "Fire:Normal",
        "Frost:Resistant",
        "Lightning:Normal",
        "Poison:Immune",
        "Spirit:Immune"
    ]
}
